{"cameraMode":{"drawMode":0,"name":"Shaded","section":"Shading Mode"},"sceneLighting":false,"audioPlay":false,"sceneViewState":{"m_AlwaysRefresh":false,"showFog":true,"showSkybox":true,"showFlares":true,"showImageEffects":true,"showParticleSystems":true,"showVisualEffectGraphs":true,"m_FxEnabled":true},"in2DMode":false,"pivot":{"x":18.30000114440918,"y":-2.1033706665039064,"z":3.00600528717041},"rotation":{"x":-0.025801490992307664,"y":0.020087117329239847,"z":-0.000523776572663337,"w":-0.9994794130325317},"size":48.02415466308594,"orthographic":false}